Task Type,Duration (hrs),Priority,Available Slot Start,Slot Score,Task Duration Category,Is Weekday
4,2.0,1,2023-01-01 08:00:00,0.607089578718754,1,0
1,2.0,1,2023-01-01 09:00:00,0.6313075530919887,1,0
0,2.0,2,2023-01-01 10:00:00,0.5916971623063255,1,0
1,2.0,0,2023-01-01 11:00:00,0.7026337730855163,1,0
1,3.0,2,2023-01-01 12:00:00,0.23743346837480628,0,0
2,3.0,0,2023-01-01 13:00:00,0.5123637775457907,0,0
0,1.0,0,2023-01-01 14:00:00,0.10422480280834767,2,0
0,0.5,0,2023-01-01 15:00:00,0.38451132764481255,2,0
0,2.0,2,2023-01-01 16:00:00,0.4876670686212644,1,0
1,1.0,0,2023-01-01 17:00:00,0.6522242595454725,2,0
4,0.5,2,2023-01-01 18:00:00,0.9505310525862035,2,0
0,1.5,1,2023-01-01 19:00:00,0.6006510665483559,1,0
1,3.0,1,2023-01-01 20:00:00,0.7435939161765598,0,0
2,0.5,0,2023-01-01 21:00:00,0.5062660594952028,2,0
4,1.5,2,2023-01-01 22:00:00,0.6341040313763313,1,0
2,0.5,1,2023-01-01 23:00:00,0.07093221613377343,2,0
4,3.0,2,2023-01-02 00:00:00,0.254391580841847,0,1
1,3.0,2,2023-01-02 01:00:00,0.3618530932051387,0,1
3,1.0,0,2023-01-02 02:00:00,0.47249335500651357,2,1
4,2.0,1,2023-01-02 03:00:00,0.045648745502383736,1,1
2,0.5,0,2023-01-02 04:00:00,0.14002409755331768,2,1
1,0.5,0,2023-01-02 05:00:00,0.2768143077913058,2,1
4,1.5,1,2023-01-02 06:00:00,0.9715326909010507,1,1
3,3.0,1,2023-01-02 07:00:00,0.33134700710305076,0,1
3,0.5,2,2023-01-02 08:00:00,0.48204105811208253,2,1
0,3.0,1,2023-01-02 09:00:00,0.19609771273839294,0,1
0,0.5,2,2023-01-02 10:00:00,0.6107800710757683,2,1
2,1.0,2,2023-01-02 11:00:00,0.2806832155159743,2,1
4,2.0,2,2023-01-02 12:00:00,0.20699257843842678,1,1
4,0.5,1,2023-01-02 13:00:00,0.5165726284459791,2,1
0,3.0,0,2023-01-02 14:00:00,0.005505799160420821,0,1
4,1.0,2,2023-01-02 15:00:00,0.0076640326492253275,2,1
4,0.5,0,2023-01-02 16:00:00,0.21906880910185778,2,1
3,1.5,0,2023-01-02 17:00:00,0.03672136250082114,1,1
0,2.0,1,2023-01-02 18:00:00,0.10802575413069138,1,1
1,0.5,0,2023-01-02 19:00:00,0.3388606493387516,2,1
0,1.0,0,2023-01-02 20:00:00,0.8025856795798129,2,1
1,1.5,1,2023-01-02 21:00:00,0.5720486433693008,1,1
3,1.0,2,2023-01-02 22:00:00,0.5126677259564164,2,1
2,1.0,0,2023-01-02 23:00:00,0.29348882320812164,2,1
4,1.5,1,2023-01-03 00:00:00,0.9317537194328164,1,1
3,1.0,0,2023-01-03 01:00:00,0.39701504123719167,2,1
4,1.5,0,2023-01-03 02:00:00,0.08709276679577149,1,1
2,0.5,2,2023-01-03 03:00:00,0.6170665161178013,2,1
2,1.5,0,2023-01-03 04:00:00,0.11383839347660141,1,1
3,1.5,1,2023-01-03 05:00:00,0.3452231428016921,1,1
2,2.0,0,2023-01-03 06:00:00,0.5074119387178089,1,1
1,1.5,2,2023-01-03 07:00:00,0.8742225246851758,1,1
2,1.5,2,2023-01-03 08:00:00,0.49354658034011867,1,1
4,0.5,1,2023-01-03 09:00:00,0.7022587660316643,2,1
4,2.0,2,2023-01-03 10:00:00,0.9928168389990704,1,1
4,3.0,0,2023-01-03 11:00:00,0.13148911989798162,0,1
4,0.5,2,2023-01-03 12:00:00,0.2747315255195195,2,1
1,0.5,1,2023-01-03 13:00:00,0.3945760755976464,2,1
0,3.0,2,2023-01-03 14:00:00,0.42182817853883137,0,1
3,1.5,2,2023-01-03 15:00:00,0.41102107526554577,1,1
4,1.0,2,2023-01-03 16:00:00,0.9076110025565549,2,1
2,2.0,1,2023-01-03 17:00:00,0.7140326444668564,1,1
4,1.0,2,2023-01-03 18:00:00,0.6079052140907037,2,1
2,3.0,2,2023-01-03 19:00:00,0.3093727178627821,0,1
2,0.5,0,2023-01-03 20:00:00,0.8237903842212947,2,1
4,0.5,1,2023-01-03 21:00:00,0.9550605114849889,2,1
1,2.0,2,2023-01-03 22:00:00,0.8211982825502265,1,1
2,0.5,1,2023-01-03 23:00:00,0.0015651051914729042,2,1
2,0.5,2,2023-01-04 00:00:00,0.636401370183407,2,1
4,2.0,2,2023-01-04 01:00:00,0.051135381442100725,1,1
2,2.0,2,2023-01-04 02:00:00,0.25760722033372185,1,1
2,3.0,0,2023-01-04 03:00:00,0.059524700347771686,0,1
4,0.5,0,2023-01-04 04:00:00,0.6037954529493877,2,1
4,0.5,0,2023-01-04 05:00:00,0.6865899134926068,2,1
3,3.0,1,2023-01-04 06:00:00,0.11448763806590512,0,1
1,1.5,1,2023-01-04 07:00:00,0.3838388830449795,1,1
1,1.5,0,2023-01-04 08:00:00,0.456236508955542,1,1
2,1.5,1,2023-01-04 09:00:00,0.3690530217609166,1,1
1,3.0,2,2023-01-04 10:00:00,0.12102500048519305,0,1
2,0.5,2,2023-01-04 11:00:00,0.4189477901874754,2,1
3,3.0,2,2023-01-04 12:00:00,0.7511780478084181,0,1
4,3.0,0,2023-01-04 13:00:00,0.07100766453325547,0,1
4,1.5,1,2023-01-04 14:00:00,0.08018001408190345,1,1
4,1.0,0,2023-01-04 15:00:00,0.3547712918359842,2,1
1,0.5,1,2023-01-04 16:00:00,0.941725711618925,2,1
3,1.5,2,2023-01-04 17:00:00,0.668572646722914,1,1
1,1.0,0,2023-01-04 18:00:00,0.6786699566725648,2,1
1,1.0,1,2023-01-04 19:00:00,0.36191999083786497,2,1
3,2.0,1,2023-01-04 20:00:00,0.5936607912085384,1,1
3,0.5,2,2023-01-04 21:00:00,0.010131184027743378,2,1
3,1.0,0,2023-01-04 22:00:00,0.6360960464095422,2,1
3,1.5,0,2023-01-04 23:00:00,0.9132869475762367,1,1
4,2.0,0,2023-01-05 00:00:00,0.6125734683448192,1,1
0,0.5,2,2023-01-05 01:00:00,0.873698593466345,2,1
0,3.0,0,2023-01-05 02:00:00,0.7239730554660938,0,1
3,1.5,2,2023-01-05 03:00:00,0.12055841640369025,1,1
0,1.0,2,2023-01-05 04:00:00,0.9024533072858417,2,1
0,1.0,2,2023-01-05 05:00:00,0.06644384435577488,2,1
3,1.5,1,2023-01-05 06:00:00,0.5339674725477638,1,1
0,1.0,0,2023-01-05 07:00:00,0.14213712379345766,2,1
1,2.0,0,2023-01-05 08:00:00,0.011706610730904066,1,1
2,0.5,2,2023-01-05 09:00:00,0.422034260127639,2,1
2,2.0,2,2023-01-05 10:00:00,0.29504070765415624,1,1
3,1.0,0,2023-01-05 11:00:00,0.486000493797603,2,1
4,3.0,2,2023-01-05 12:00:00,0.5771998867345508,0,1
3,0.5,0,2023-01-05 13:00:00,0.04373907230894736,2,1
4,0.5,1,2023-01-05 14:00:00,0.12300329512374564,2,1
2,1.5,2,2023-01-05 15:00:00,0.5586423964504253,1,1
3,1.5,0,2023-01-05 16:00:00,0.34316735317265823,1,1
1,3.0,2,2023-01-05 17:00:00,0.729173487549448,0,1
0,0.5,0,2023-01-05 18:00:00,0.6522916485919397,2,1
4,3.0,0,2023-01-05 19:00:00,0.8456043629899068,0,1
0,1.5,2,2023-01-05 20:00:00,0.6924928266692253,1,1
0,1.5,1,2023-01-05 21:00:00,0.42993107739014813,1,1
3,0.5,0,2023-01-05 22:00:00,0.6729666223944324,2,1
0,2.0,0,2023-01-05 23:00:00,0.2753811742554185,1,1
1,1.0,0,2023-01-06 00:00:00,0.3063134987782127,2,1
0,1.5,1,2023-01-06 01:00:00,0.7889851599207933,1,1
3,1.5,1,2023-01-06 02:00:00,0.4464195164015822,1,1
1,2.0,2,2023-01-06 03:00:00,0.7983803405183525,1,1
2,2.0,1,2023-01-06 04:00:00,0.8224223736682784,1,1
0,3.0,2,2023-01-06 05:00:00,0.8575623376612838,0,1
3,3.0,2,2023-01-06 06:00:00,0.9166352358412073,0,1
2,1.0,1,2023-01-06 07:00:00,0.43098522051329624,2,1
2,1.0,2,2023-01-06 08:00:00,0.31886681832113883,2,1
4,0.5,1,2023-01-06 09:00:00,0.5821987465941139,2,1
1,3.0,2,2023-01-06 10:00:00,0.3711724234376276,0,1
0,1.5,1,2023-01-06 11:00:00,0.601074166800233,1,1
3,3.0,1,2023-01-06 12:00:00,0.7055858626438246,0,1
4,1.5,2,2023-01-06 13:00:00,0.6884050184921369,1,1
1,2.0,0,2023-01-06 14:00:00,0.37455288702012135,1,1
4,3.0,2,2023-01-06 15:00:00,0.16686020169875282,0,1
1,2.0,1,2023-01-06 16:00:00,0.43052933846220753,1,1
1,1.0,0,2023-01-06 17:00:00,0.14259414408190874,2,1
0,1.0,2,2023-01-06 18:00:00,0.8900970351838083,2,1
1,0.5,2,2023-01-06 19:00:00,0.3458774607378574,2,1
4,3.0,2,2023-01-06 20:00:00,0.15445974722332378,0,1
1,2.0,0,2023-01-06 21:00:00,0.025447759905750877,1,1
0,1.5,1,2023-01-06 22:00:00,0.6458223862864843,1,1
0,1.0,2,2023-01-06 23:00:00,0.6369023174547432,2,1
4,1.0,2,2023-01-07 00:00:00,0.34060416658129167,2,0
2,1.5,2,2023-01-07 01:00:00,0.071711888847651,1,0
2,2.0,2,2023-01-07 02:00:00,0.409628894895232,1,0
1,2.0,2,2023-01-07 03:00:00,0.3112174950633936,1,0
3,3.0,1,2023-01-07 04:00:00,0.6771206397350094,0,0
1,3.0,1,2023-01-07 05:00:00,0.6057792494526903,0,0
4,0.5,2,2023-01-07 06:00:00,0.36459372819754,2,0
4,1.0,0,2023-01-07 07:00:00,0.2178925542549901,2,0
4,3.0,1,2023-01-07 08:00:00,0.9880359661555919,0,0
4,2.0,0,2023-01-07 09:00:00,0.45400162119611487,1,0
4,1.5,1,2023-01-07 10:00:00,0.688274235780237,1,0
0,2.0,2,2023-01-07 11:00:00,0.14055296757836078,1,0
2,1.0,1,2023-01-07 12:00:00,0.4855896996593978,2,0
4,2.0,2,2023-01-07 13:00:00,0.027536719869465487,1,0
3,0.5,1,2023-01-07 14:00:00,0.50545511791045,2,0
3,1.0,2,2023-01-07 15:00:00,0.9640174071177023,2,0
3,1.5,2,2023-01-07 16:00:00,0.3842067129858002,1,0
3,0.5,2,2023-01-07 17:00:00,0.03899601257491159,2,0
0,1.0,2,2023-01-07 18:00:00,0.03095579091934353,2,0
3,1.5,0,2023-01-07 19:00:00,0.3879867599468695,1,0
4,0.5,2,2023-01-07 20:00:00,0.16002493646319405,2,0
1,0.5,0,2023-01-07 21:00:00,0.023352096328185912,2,0
3,1.0,0,2023-01-07 22:00:00,0.7562136139501768,2,0
0,3.0,2,2023-01-07 23:00:00,0.4585230088818907,0,0
0,0.5,0,2023-01-08 00:00:00,0.2892447719726545,2,0
3,0.5,1,2023-01-08 01:00:00,0.9000831830164807,2,0
1,1.5,2,2023-01-08 02:00:00,0.11613896020052561,1,0
3,2.0,0,2023-01-08 03:00:00,0.9559188289553192,1,0
0,1.0,2,2023-01-08 04:00:00,0.3139667173773528,2,0
2,1.0,2,2023-01-08 05:00:00,0.8884036723086812,2,0
4,3.0,2,2023-01-08 06:00:00,0.6029428764794615,0,0
0,3.0,0,2023-01-08 07:00:00,0.8267073597414875,0,0
3,1.0,1,2023-01-08 08:00:00,0.9840131632104643,2,0
4,3.0,1,2023-01-08 09:00:00,0.2884054378187457,0,0
3,1.5,0,2023-01-08 10:00:00,0.961135485407593,1,0
3,1.0,2,2023-01-08 11:00:00,0.38948189490242036,2,0
2,3.0,0,2023-01-08 12:00:00,0.3855119047369223,0,0
4,1.0,0,2023-01-08 13:00:00,0.3403871042545057,2,0
4,2.0,0,2023-01-08 14:00:00,0.5414076073475852,1,0
2,0.5,2,2023-01-08 15:00:00,0.1541450431784871,2,0
0,1.0,0,2023-01-08 16:00:00,0.5537114853580112,2,0
3,0.5,2,2023-01-08 17:00:00,0.541704812410004,2,0
1,3.0,0,2023-01-08 18:00:00,0.76190181260487,0,0
3,0.5,1,2023-01-08 19:00:00,0.8336499619375856,2,0
3,1.0,0,2023-01-08 20:00:00,0.44044135031242404,2,0
0,2.0,0,2023-01-08 21:00:00,0.30233324935149375,1,0
3,3.0,1,2023-01-08 22:00:00,0.25933489731709447,0,0
2,1.0,2,2023-01-08 23:00:00,0.19462383670487193,2,0
2,3.0,2,2023-01-09 00:00:00,0.05764758219902488,0,1
4,1.5,0,2023-01-09 01:00:00,0.34244797883471334,1,1
1,0.5,1,2023-01-09 02:00:00,0.27024769213078326,2,1
3,1.5,2,2023-01-09 03:00:00,0.9664173858664074,1,1
3,1.0,0,2023-01-09 04:00:00,0.5577088262500439,2,1
0,2.0,1,2023-01-09 05:00:00,0.34727703903050755,1,1
2,3.0,2,2023-01-09 06:00:00,0.580467600993696,0,1
1,0.5,2,2023-01-09 07:00:00,0.1391967013456955,2,1
4,3.0,1,2023-01-09 08:00:00,0.4440437492022029,0,1
2,1.0,1,2023-01-09 09:00:00,0.6262343214210638,2,1
4,3.0,1,2023-01-09 10:00:00,0.4888978317924514,0,1
0,0.5,1,2023-01-09 11:00:00,0.40177880065432425,2,1
0,1.0,0,2023-01-09 12:00:00,0.9938483888996982,2,1
3,3.0,1,2023-01-09 13:00:00,0.880314762148927,0,1
1,2.0,2,2023-01-09 14:00:00,0.6234059581594401,1,1
4,1.0,2,2023-01-09 15:00:00,0.5693773611822828,2,1
2,1.0,0,2023-01-09 16:00:00,0.620660479824584,2,1
0,2.0,2,2023-01-09 17:00:00,0.20131210782243325,1,1
3,1.5,2,2023-01-09 18:00:00,0.3951377432643186,1,1
3,0.5,1,2023-01-09 19:00:00,0.03945953289089932,2,1
4,1.5,2,2023-01-09 20:00:00,0.47554603748682667,1,1
0,3.0,0,2023-01-09 21:00:00,0.5430245839576632,0,1
1,2.0,1,2023-01-09 22:00:00,0.2277497361032096,1,1
0,1.5,1,2023-01-09 23:00:00,0.9640288471655137,1,1
4,1.0,0,2023-01-10 00:00:00,0.909454610937242,2,1
4,3.0,1,2023-01-10 01:00:00,0.7221432354559059,0,1
0,3.0,1,2023-01-10 02:00:00,0.5333866287653626,0,1
4,1.5,0,2023-01-10 03:00:00,0.869969159647685,1,1
0,1.5,1,2023-01-10 04:00:00,0.1306523438234629,1,1
2,2.0,0,2023-01-10 05:00:00,0.790509794274885,1,1
0,0.5,0,2023-01-10 06:00:00,0.1248208139668483,2,1
0,1.5,2,2023-01-10 07:00:00,0.7942106625494054,1,1
4,1.5,2,2023-01-10 08:00:00,0.27576756825135695,1,1
4,1.0,1,2023-01-10 09:00:00,0.8770905810181889,2,1
3,3.0,1,2023-01-10 10:00:00,0.9440420938253978,0,1
3,0.5,0,2023-01-10 11:00:00,0.14879596940511564,2,1
2,1.0,1,2023-01-10 12:00:00,0.4626756050653935,2,1
3,2.0,0,2023-01-10 13:00:00,0.9809873781626851,1,1
0,2.0,0,2023-01-10 14:00:00,0.4834074359731466,1,1
4,1.5,1,2023-01-10 15:00:00,0.8635475225145451,1,1
3,1.5,0,2023-01-10 16:00:00,0.5887315221313199,1,1
3,2.0,2,2023-01-10 17:00:00,0.37532990791960186,1,1
2,1.5,1,2023-01-10 18:00:00,0.2857835555258702,1,1
2,0.5,2,2023-01-10 19:00:00,0.20322309108608727,2,1
0,1.5,1,2023-01-10 20:00:00,0.7617981913776972,1,1
4,3.0,0,2023-01-10 21:00:00,0.3865405068230279,0,1
2,1.5,1,2023-01-10 22:00:00,0.5112754622007512,1,1
3,1.0,2,2023-01-10 23:00:00,0.4923254800011819,2,1
4,0.5,0,2023-01-11 00:00:00,0.5772790292331312,2,1
4,1.0,1,2023-01-11 01:00:00,0.8655771456245522,2,1
3,1.0,1,2023-01-11 02:00:00,0.9807393435834294,2,1
2,3.0,1,2023-01-11 03:00:00,0.40758420857381694,0,1
3,0.5,2,2023-01-11 04:00:00,0.8275189221063031,2,1
4,0.5,2,2023-01-11 05:00:00,0.7645277946547177,2,1
1,0.5,1,2023-01-11 06:00:00,0.5735289514555733,2,1
1,0.5,0,2023-01-11 07:00:00,0.9560471436119331,2,1
0,0.5,0,2023-01-11 08:00:00,0.20047451552840279,2,1
3,3.0,2,2023-01-11 09:00:00,0.10926421030962141,0,1
3,1.5,0,2023-01-11 10:00:00,0.8539619669554221,1,1
0,1.0,2,2023-01-11 11:00:00,0.4391498166337483,2,1
0,0.5,1,2023-01-11 12:00:00,0.8469688542070605,2,1
0,1.5,2,2023-01-11 13:00:00,0.8930902051954149,1,1
4,1.5,2,2023-01-11 14:00:00,0.06245759361907144,1,1
3,1.0,1,2023-01-11 15:00:00,0.8834647629860607,2,1
4,3.0,0,2023-01-11 16:00:00,0.4483190553694222,0,1
0,2.0,2,2023-01-11 17:00:00,0.5104324890042322,1,1
3,2.0,2,2023-01-11 18:00:00,0.6265925110932102,1,1
4,1.5,1,2023-01-11 19:00:00,0.9263826067300868,1,1
4,1.0,0,2023-01-11 20:00:00,0.01911609442976403,2,1
0,2.0,2,2023-01-11 21:00:00,0.4768434683178171,1,1
3,1.5,1,2023-01-11 22:00:00,0.6877220424305607,1,1
0,3.0,2,2023-01-11 23:00:00,0.7227069576982285,0,1
3,2.0,1,2023-01-12 00:00:00,0.692532431537108,1,1
1,1.5,0,2023-01-12 01:00:00,0.13443512940812186,1,1
2,1.5,0,2023-01-12 02:00:00,0.29939558837168123,1,1
2,0.5,0,2023-01-12 03:00:00,0.35871552541701346,2,1
2,3.0,0,2023-01-12 04:00:00,0.804437207679505,0,1
0,0.5,2,2023-01-12 05:00:00,0.278759872414553,2,1
1,1.0,2,2023-01-12 06:00:00,0.21070496386720317,2,1
3,0.5,0,2023-01-12 07:00:00,0.9574480190380962,2,1
4,0.5,0,2023-01-12 08:00:00,0.0088632851134689,2,1
3,2.0,0,2023-01-12 09:00:00,0.9978208556819782,1,1
4,1.5,2,2023-01-12 10:00:00,0.6768212988573956,1,1
3,3.0,0,2023-01-12 11:00:00,0.8284692994491171,0,1
1,0.5,0,2023-01-12 12:00:00,0.29461939634619316,2,1
4,3.0,0,2023-01-12 13:00:00,0.014315277667059978,0,1
0,0.5,1,2023-01-12 14:00:00,0.73786951856153,2,1
3,1.0,0,2023-01-12 15:00:00,0.8341445970006758,2,1
3,0.5,1,2023-01-12 16:00:00,0.7404761319535191,2,1
4,2.0,1,2023-01-12 17:00:00,0.1428502873008386,1,1
0,1.5,0,2023-01-12 18:00:00,0.7534279222569691,1,1
0,1.0,1,2023-01-12 19:00:00,0.768922782107641,2,1
1,0.5,0,2023-01-12 20:00:00,0.6585405156700549,2,1
0,3.0,2,2023-01-12 21:00:00,0.7661159327955862,0,1
0,1.0,2,2023-01-12 22:00:00,0.8459214396777321,2,1
0,1.0,2,2023-01-12 23:00:00,0.6136041142374584,2,1
2,0.5,2,2023-01-13 00:00:00,0.08860471396967906,2,1
1,1.0,1,2023-01-13 01:00:00,0.48762780966721087,2,1
3,3.0,0,2023-01-13 02:00:00,0.07764933467160506,0,1
4,1.0,0,2023-01-13 03:00:00,0.40754303103243084,2,1
3,3.0,0,2023-01-13 04:00:00,0.40710648912562764,0,1
1,0.5,2,2023-01-13 05:00:00,0.06600984414024158,2,1
4,1.5,2,2023-01-13 06:00:00,0.3488205339694793,1,1
1,1.0,0,2023-01-13 07:00:00,0.11099809879131484,2,1
0,1.5,2,2023-01-13 08:00:00,0.8082352100092222,1,1
4,3.0,0,2023-01-13 09:00:00,0.9476880259644708,0,1
0,1.0,0,2023-01-13 10:00:00,0.0723164752579386,2,1
3,2.0,0,2023-01-13 11:00:00,0.9551152072917014,1,1
3,1.5,0,2023-01-13 12:00:00,0.5225765993367452,1,1
4,1.0,0,2023-01-13 13:00:00,0.2995656779538739,2,1
4,1.5,0,2023-01-13 14:00:00,0.07686207527616351,1,1
1,1.0,0,2023-01-13 15:00:00,0.5006242680704178,2,1
1,0.5,2,2023-01-13 16:00:00,0.7945155444907487,2,1
0,1.5,0,2023-01-13 17:00:00,0.7070864772666982,1,1
4,2.0,0,2023-01-13 18:00:00,0.05022601146397376,1,1
3,2.0,2,2023-01-13 19:00:00,0.07290183536790351,1,1
1,3.0,2,2023-01-13 20:00:00,0.4028732826326371,0,1
1,1.0,2,2023-01-13 21:00:00,0.2952904940479433,2,1
3,1.5,0,2023-01-13 22:00:00,0.23238432305604784,1,1
1,3.0,1,2023-01-13 23:00:00,0.2810044989087136,0,1
0,1.5,1,2023-01-14 00:00:00,0.8034827432968846,1,0
4,1.0,2,2023-01-14 01:00:00,0.9292280536318539,2,0
3,2.0,1,2023-01-14 02:00:00,0.4051026945275664,1,0
4,0.5,2,2023-01-14 03:00:00,0.9061110021324971,2,0
1,2.0,0,2023-01-14 04:00:00,0.32149570124788196,1,0
1,3.0,1,2023-01-14 05:00:00,0.4764369863437916,0,0
3,0.5,0,2023-01-14 06:00:00,0.22602899781599972,2,0
0,3.0,1,2023-01-14 07:00:00,0.640476042175844,0,0
2,1.0,0,2023-01-14 08:00:00,0.9789811151748089,2,0
3,0.5,1,2023-01-14 09:00:00,0.6034930960433786,2,0
2,3.0,0,2023-01-14 10:00:00,0.35781408411354887,0,0
2,1.0,0,2023-01-14 11:00:00,0.6478174459905284,2,0
0,2.0,1,2023-01-14 12:00:00,0.12292067846538757,1,0
2,1.0,0,2023-01-14 13:00:00,0.8886590802653986,2,0
2,1.5,0,2023-01-14 14:00:00,0.5030839507798364,1,0
0,1.0,0,2023-01-14 15:00:00,0.44934974203964206,2,0
2,1.0,1,2023-01-14 16:00:00,0.5858647884535192,2,0
2,1.5,1,2023-01-14 17:00:00,0.6247838627894025,1,0
2,3.0,0,2023-01-14 18:00:00,0.07177580622651303,0,0
3,3.0,0,2023-01-14 19:00:00,0.6826172212234024,0,0
3,1.0,1,2023-01-14 20:00:00,0.24193168031552958,2,0
3,1.5,1,2023-01-14 21:00:00,0.7139526325065898,1,0
0,1.5,0,2023-01-14 22:00:00,0.8225347943841967,1,0
1,2.0,0,2023-01-14 23:00:00,0.8039585075525203,1,0
2,3.0,0,2023-01-15 00:00:00,0.5525009674078891,0,0
2,0.5,2,2023-01-15 01:00:00,0.5201698923107512,2,0
0,3.0,1,2023-01-15 02:00:00,0.14287596133941172,0,0
2,3.0,2,2023-01-15 03:00:00,0.7753461504031356,0,0
3,2.0,1,2023-01-15 04:00:00,0.27140938044671437,1,0
1,0.5,1,2023-01-15 05:00:00,0.49669542281794654,2,0
4,2.0,1,2023-01-15 06:00:00,0.2842740929275167,1,0
2,0.5,1,2023-01-15 07:00:00,0.13382836299969314,2,0
3,1.0,1,2023-01-15 08:00:00,0.6295576968917366,2,0
4,0.5,1,2023-01-15 09:00:00,0.05433203482290383,2,0
1,2.0,1,2023-01-15 10:00:00,0.7486452341262,1,0
4,3.0,2,2023-01-15 11:00:00,0.31758679526111666,0,0
3,0.5,0,2023-01-15 12:00:00,0.00013469300448532007,2,0
4,0.5,0,2023-01-15 13:00:00,0.5111291392372298,2,0
0,1.5,2,2023-01-15 14:00:00,0.046851908527603126,1,0
4,3.0,2,2023-01-15 15:00:00,0.27616955782089947,0,0
2,1.0,2,2023-01-15 16:00:00,0.7069764874557162,2,0
2,2.0,2,2023-01-15 17:00:00,0.06268962162186587,1,0
0,1.0,1,2023-01-15 18:00:00,0.8393384923560023,2,0
3,3.0,0,2023-01-15 19:00:00,0.003819922658583108,0,0
2,0.5,1,2023-01-15 20:00:00,0.24682386920190225,2,0
1,0.5,0,2023-01-15 21:00:00,0.7409040561520714,2,0
2,3.0,0,2023-01-15 22:00:00,0.3162701497293068,0,0
2,0.5,2,2023-01-15 23:00:00,0.10189238806601353,2,0
3,0.5,1,2023-01-16 00:00:00,0.3602339188004279,2,1
4,0.5,2,2023-01-16 01:00:00,0.27039328638452553,2,1
2,2.0,1,2023-01-16 02:00:00,0.8427119021605549,1,1
0,2.0,0,2023-01-16 03:00:00,0.31334791758514313,1,1
4,1.5,2,2023-01-16 04:00:00,0.7889324717760072,1,1
1,1.0,2,2023-01-16 05:00:00,0.8918721448107347,2,1
3,3.0,0,2023-01-16 06:00:00,0.43381741957652953,0,1
1,3.0,0,2023-01-16 07:00:00,0.909943143854392,0,1
4,3.0,0,2023-01-16 08:00:00,0.37731805396319285,0,1
4,1.5,2,2023-01-16 09:00:00,0.9640784164901082,1,1
4,2.0,1,2023-01-16 10:00:00,0.08928952452557293,1,1
1,1.5,2,2023-01-16 11:00:00,0.6870192665032427,1,1
4,3.0,1,2023-01-16 12:00:00,0.49381404045692867,0,1
1,1.0,2,2023-01-16 13:00:00,0.38764880545564706,2,1
4,0.5,2,2023-01-16 14:00:00,0.6327118787486009,2,1
0,2.0,0,2023-01-16 15:00:00,0.7038570916343312,1,1
4,2.0,1,2023-01-16 16:00:00,0.004363269650309087,1,1
1,1.5,2,2023-01-16 17:00:00,0.16695308874719872,1,1
2,2.0,2,2023-01-16 18:00:00,0.7130460506343187,1,1
4,3.0,0,2023-01-16 19:00:00,0.6663854135782065,0,1
2,3.0,0,2023-01-16 20:00:00,0.9660475051286772,0,1
0,1.5,1,2023-01-16 21:00:00,0.761037790250783,1,1
3,3.0,2,2023-01-16 22:00:00,0.950772707731338,0,1
0,1.0,1,2023-01-16 23:00:00,0.702540501534807,2,1
4,1.5,2,2023-01-17 00:00:00,0.29805220863944315,1,1
2,1.0,1,2023-01-17 01:00:00,0.10536492225085647,2,1
2,0.5,0,2023-01-17 02:00:00,0.7818238633449356,2,1
1,1.0,2,2023-01-17 03:00:00,0.6441492214759159,2,1
2,0.5,1,2023-01-17 04:00:00,0.04818601239329623,2,1
1,0.5,0,2023-01-17 05:00:00,0.36005046590097833,2,1
3,1.0,0,2023-01-17 06:00:00,0.9567998154842862,2,1
4,1.5,1,2023-01-17 07:00:00,0.5004011457102012,1,1
1,3.0,2,2023-01-17 08:00:00,0.43272913601970464,0,1
3,3.0,2,2023-01-17 09:00:00,0.457699605159294,0,1
2,0.5,0,2023-01-17 10:00:00,0.20888272400516372,2,1
2,0.5,2,2023-01-17 11:00:00,0.3687071708647952,2,1
3,1.5,2,2023-01-17 12:00:00,0.3698132559871766,1,1
2,2.0,2,2023-01-17 13:00:00,0.0523550201874724,1,1
3,1.0,0,2023-01-17 14:00:00,0.7675676285179183,2,1
1,0.5,1,2023-01-17 15:00:00,0.416504431903879,2,1
1,3.0,2,2023-01-17 16:00:00,0.8221798868164233,0,1
3,1.5,0,2023-01-17 17:00:00,0.8503480011198954,1,1
1,1.0,0,2023-01-17 18:00:00,0.21199405469865806,2,1
1,1.5,1,2023-01-17 19:00:00,0.6573534821701286,1,1
1,1.0,2,2023-01-17 20:00:00,0.4722818041629817,2,1
0,1.0,2,2023-01-17 21:00:00,0.8801567379214851,2,1
4,0.5,1,2023-01-17 22:00:00,0.21574067917645412,2,1
2,1.5,1,2023-01-17 23:00:00,0.6778132003100442,1,1
0,1.5,0,2023-01-18 00:00:00,0.6077521222527226,1,1
1,3.0,0,2023-01-18 01:00:00,0.2953014775718328,0,1
3,3.0,1,2023-01-18 02:00:00,0.1366009036511726,0,1
1,0.5,2,2023-01-18 03:00:00,0.6516397604772766,2,1
4,0.5,0,2023-01-18 04:00:00,0.7385974581323307,2,1
1,2.0,0,2023-01-18 05:00:00,0.31562734376335,1,1
3,3.0,2,2023-01-18 06:00:00,0.6448326040223138,0,1
4,1.0,0,2023-01-18 07:00:00,0.39513090761150327,2,1
1,1.5,2,2023-01-18 08:00:00,0.7132068832826177,1,1
4,0.5,2,2023-01-18 09:00:00,0.1992152748940531,2,1
2,1.5,2,2023-01-18 10:00:00,0.8902150026361744,1,1
2,1.5,1,2023-01-18 11:00:00,0.28740959646557973,1,1
1,2.0,1,2023-01-18 12:00:00,0.3677859877561529,1,1
4,3.0,1,2023-01-18 13:00:00,0.058091952080349785,0,1
3,0.5,2,2023-01-18 14:00:00,0.1115122123212764,2,1
1,1.5,2,2023-01-18 15:00:00,0.5158619027123281,1,1
2,0.5,1,2023-01-18 16:00:00,0.2675926767279715,2,1
2,1.0,0,2023-01-18 17:00:00,0.8354802257421944,2,1
1,2.0,2,2023-01-18 18:00:00,0.014693388654953843,1,1
4,1.0,0,2023-01-18 19:00:00,0.3790940486719362,2,1
2,0.5,0,2023-01-18 20:00:00,0.3373455467690927,2,1
4,0.5,2,2023-01-18 21:00:00,0.019327630917601035,2,1
2,3.0,2,2023-01-18 22:00:00,0.12436839900051022,0,1
2,1.5,0,2023-01-18 23:00:00,0.41364267491863527,1,1
0,1.5,0,2023-01-19 00:00:00,0.49286458444744663,1,1
2,1.0,1,2023-01-19 01:00:00,0.4042897472548691,2,1
3,2.0,1,2023-01-19 02:00:00,0.5309376784120938,1,1
1,1.5,2,2023-01-19 03:00:00,0.5951316749056815,1,1
1,3.0,1,2023-01-19 04:00:00,0.00992382112783563,0,1
4,1.0,1,2023-01-19 05:00:00,0.4640951594535039,2,1
2,1.0,1,2023-01-19 06:00:00,0.9634992408875883,2,1
3,3.0,1,2023-01-19 07:00:00,0.5190322801295487,0,1
4,2.0,0,2023-01-19 08:00:00,0.6775422674589532,1,1
0,3.0,2,2023-01-19 09:00:00,0.3118638579168832,0,1
4,2.0,1,2023-01-19 10:00:00,0.7739913781527625,1,1
4,3.0,0,2023-01-19 11:00:00,0.7729214818761151,0,1
2,3.0,0,2023-01-19 12:00:00,0.521296047654139,0,1
0,0.5,0,2023-01-19 13:00:00,0.9760138232792136,2,1
4,1.0,1,2023-01-19 14:00:00,0.12555021476265338,2,1
3,3.0,1,2023-01-19 15:00:00,0.016947664889580993,0,1
3,3.0,2,2023-01-19 16:00:00,0.770158211757096,0,1
1,1.5,1,2023-01-19 17:00:00,0.8071555373648825,1,1
0,1.0,1,2023-01-19 18:00:00,0.12020722912057624,2,1
0,1.5,0,2023-01-19 19:00:00,0.2655828329586061,1,1
1,1.0,2,2023-01-19 20:00:00,0.01755236336662891,2,1
4,1.5,1,2023-01-19 21:00:00,0.2933086107805647,1,1
0,3.0,1,2023-01-19 22:00:00,0.7731418739186715,0,1
3,3.0,0,2023-01-19 23:00:00,0.5179605277125789,0,1
3,0.5,0,2023-01-20 00:00:00,0.3480955931682881,2,1
2,1.5,1,2023-01-20 01:00:00,0.3717392949063303,1,1
0,2.0,2,2023-01-20 02:00:00,0.0013536257154681541,1,1
4,0.5,2,2023-01-20 03:00:00,0.2998005275652359,2,1
1,1.5,0,2023-01-20 04:00:00,0.6464587416379305,1,1
1,1.5,0,2023-01-20 05:00:00,0.9741944438163571,1,1
4,0.5,1,2023-01-20 06:00:00,0.8470608269838995,2,1
2,3.0,0,2023-01-20 07:00:00,0.023594964645529126,0,1
1,1.5,1,2023-01-20 08:00:00,0.8985606046748393,1,1
0,3.0,2,2023-01-20 09:00:00,0.7831984132986259,0,1
2,0.5,2,2023-01-20 10:00:00,0.7803761235709804,2,1
0,3.0,1,2023-01-20 11:00:00,0.4579957590035715,0,1
3,1.0,0,2023-01-20 12:00:00,0.3980052929545028,2,1
2,2.0,2,2023-01-20 13:00:00,0.3029157288331926,1,1
1,1.5,0,2023-01-20 14:00:00,0.06569485895436578,1,1
2,2.0,2,2023-01-20 15:00:00,0.2282353634936991,1,1
2,3.0,1,2023-01-20 16:00:00,0.24660363497802462,0,1
2,1.5,1,2023-01-20 17:00:00,0.4840770697102016,1,1
2,3.0,1,2023-01-20 18:00:00,0.747444406596694,0,1
0,1.0,2,2023-01-20 19:00:00,0.4738098283979466,2,1
3,0.5,0,2023-01-20 20:00:00,0.057844449447160606,2,1
4,1.5,0,2023-01-20 21:00:00,0.9577898009882039,1,1
2,1.0,0,2023-01-20 22:00:00,0.9427243190941123,2,1
1,1.0,2,2023-01-20 23:00:00,0.7851895431484084,2,1
2,1.5,2,2023-01-21 00:00:00,0.9913279015642206,1,0
1,3.0,2,2023-01-21 01:00:00,0.5444823328002629,0,0
0,1.0,2,2023-01-21 02:00:00,0.9627683502532061,2,0
1,2.0,2,2023-01-21 03:00:00,0.07560504061675077,1,0
4,1.0,0,2023-01-21 04:00:00,0.3656807482613713,2,0
3,3.0,2,2023-01-21 05:00:00,0.22538126800676583,0,0
1,3.0,2,2023-01-21 06:00:00,0.19583308413427003,0,0
1,2.0,0,2023-01-21 07:00:00,0.14080294889267608,1,0
3,1.0,2,2023-01-21 08:00:00,0.6224136415659967,2,0
4,3.0,0,2023-01-21 09:00:00,0.7813218557473051,0,0
2,1.5,0,2023-01-21 10:00:00,0.5782983994203607,1,0
1,0.5,1,2023-01-21 11:00:00,0.14696270958820967,2,0
3,0.5,1,2023-01-21 12:00:00,0.8111237699334709,2,0
0,0.5,1,2023-01-21 13:00:00,0.6359547071637285,2,0
3,1.0,1,2023-01-21 14:00:00,0.3881657061269955,2,0
0,2.0,2,2023-01-21 15:00:00,0.674130295536063,1,0
4,3.0,1,2023-01-21 16:00:00,0.25990497924283285,0,0
2,1.5,0,2023-01-21 17:00:00,0.3451922084942105,1,0
3,1.5,2,2023-01-21 18:00:00,0.9174858431319902,1,0
1,1.0,1,2023-01-21 19:00:00,0.2905045056714204,2,0
4,0.5,0,2023-01-21 20:00:00,0.4699882681579366,2,0
3,1.0,2,2023-01-21 21:00:00,0.8901411373960146,2,0
1,2.0,2,2023-01-21 22:00:00,0.7077213502675275,1,0
3,2.0,1,2023-01-21 23:00:00,0.06220322616470275,1,0
0,3.0,2,2023-01-22 00:00:00,0.14730304427897034,0,0
3,3.0,0,2023-01-22 01:00:00,0.007841590771916818,0,0
3,2.0,2,2023-01-22 02:00:00,0.6309217902291634,1,0
3,2.0,0,2023-01-22 03:00:00,0.4476734254104183,1,0
4,2.0,2,2023-01-22 04:00:00,0.13427485090227553,1,0
3,1.0,1,2023-01-22 05:00:00,0.9579341210567704,2,0
1,2.0,0,2023-01-22 06:00:00,0.5296597239456199,1,0
0,1.5,2,2023-01-22 07:00:00,0.24189329411288918,1,0
0,0.5,2,2023-01-22 08:00:00,0.5006035711547075,2,0
3,2.0,2,2023-01-22 09:00:00,0.6796203327351078,1,0
4,0.5,0,2023-01-22 10:00:00,0.07623921797356448,2,0
4,1.0,0,2023-01-22 11:00:00,0.274703815047892,2,0
1,0.5,0,2023-01-22 12:00:00,0.8069654908839936,2,0
3,1.0,1,2023-01-22 13:00:00,0.45966487040266124,2,0
0,1.5,1,2023-01-22 14:00:00,0.5465771420322949,1,0
4,1.0,0,2023-01-22 15:00:00,0.43281600220946925,2,0
3,1.0,2,2023-01-22 16:00:00,0.04389994264300512,2,0
4,3.0,1,2023-01-22 17:00:00,0.16574977982015593,0,0
4,2.0,0,2023-01-22 18:00:00,0.4455416387418909,1,0
0,2.0,2,2023-01-22 19:00:00,0.20918546540792782,1,0
2,1.5,1,2023-01-22 20:00:00,0.04997902865967874,1,0
1,1.5,2,2023-01-22 21:00:00,0.8436496640518237,1,0
1,2.0,2,2023-01-22 22:00:00,0.9811925291641158,1,0
0,3.0,2,2023-01-22 23:00:00,0.7931428739967394,0,0
4,2.0,2,2023-01-23 00:00:00,0.853784921704667,1,1
3,3.0,1,2023-01-23 01:00:00,0.24197713031704537,0,1
4,1.5,1,2023-01-23 02:00:00,0.9606269755131998,1,1
0,0.5,1,2023-01-23 03:00:00,0.19692570445342839,2,1
1,1.5,0,2023-01-23 04:00:00,0.9514298103618323,1,1
4,1.5,1,2023-01-23 05:00:00,0.994819293965951,1,1
1,1.0,2,2023-01-23 06:00:00,0.7117228057460487,2,1
3,1.0,1,2023-01-23 07:00:00,0.9811437317918219,2,1
1,1.0,2,2023-01-23 08:00:00,0.5695397795671037,2,1
1,1.0,0,2023-01-23 09:00:00,0.25954178317609033,2,1
2,3.0,2,2023-01-23 10:00:00,0.43699588566562086,0,1
2,2.0,2,2023-01-23 11:00:00,0.593560935378786,1,1
2,0.5,2,2023-01-23 12:00:00,0.07308156202701499,2,1
1,1.5,0,2023-01-23 13:00:00,0.6223432646172461,1,1
0,3.0,1,2023-01-23 14:00:00,0.9811778367622945,0,1
1,0.5,1,2023-01-23 15:00:00,0.19010764978372763,2,1
0,3.0,0,2023-01-23 16:00:00,0.7925951162883833,0,1
0,3.0,2,2023-01-23 17:00:00,0.9078987937796194,0,1
2,1.5,1,2023-01-23 18:00:00,0.9437015928202208,1,1
4,2.0,0,2023-01-23 19:00:00,0.9601356044054472,1,1
3,1.0,1,2023-01-23 20:00:00,0.5214596387214719,2,1
2,2.0,0,2023-01-23 21:00:00,0.9773079079915037,1,1
2,1.5,2,2023-01-23 22:00:00,0.7573102071344389,1,1
4,1.5,1,2023-01-23 23:00:00,0.1616714362369619,1,1
3,1.5,0,2023-01-24 00:00:00,0.47690010646797,1,1
1,0.5,1,2023-01-24 01:00:00,0.718331175372004,2,1
1,2.0,1,2023-01-24 02:00:00,0.24734031581908333,1,1
2,2.0,1,2023-01-24 03:00:00,0.6406151835488874,1,1
3,3.0,1,2023-01-24 04:00:00,0.6666004790466192,0,1
2,3.0,0,2023-01-24 05:00:00,0.1626997438085659,0,1
0,3.0,2,2023-01-24 06:00:00,0.5650853124527563,0,1
2,1.5,0,2023-01-24 07:00:00,0.7716269109786077,1,1
2,2.0,0,2023-01-24 08:00:00,0.4988956645359419,1,1
1,1.5,0,2023-01-24 09:00:00,0.012103116776107425,1,1
1,0.5,2,2023-01-24 10:00:00,0.009038469079292177,2,1
1,3.0,1,2023-01-24 11:00:00,0.3570293439700122,0,1
0,1.5,1,2023-01-24 12:00:00,0.926194068431782,1,1
1,1.5,1,2023-01-24 13:00:00,0.22867677960360877,1,1
3,0.5,2,2023-01-24 14:00:00,0.6343636888716871,2,1
4,1.0,1,2023-01-24 15:00:00,0.22207587069332058,2,1
3,2.0,2,2023-01-24 16:00:00,0.3216699896595486,1,1
3,1.0,1,2023-01-24 17:00:00,0.848042089601484,2,1
1,3.0,1,2023-01-24 18:00:00,0.7288614422699469,0,1
4,1.5,0,2023-01-24 19:00:00,0.09539927731321063,1,1
4,0.5,2,2023-01-24 20:00:00,0.4287020209864336,2,1
4,0.5,0,2023-01-24 21:00:00,0.029169763645264468,2,1
0,2.0,0,2023-01-24 22:00:00,0.480890146603009,1,1
1,1.0,0,2023-01-24 23:00:00,0.6624340117010681,2,1
4,2.0,2,2023-01-25 00:00:00,0.11850262359815156,1,1
0,1.5,2,2023-01-25 01:00:00,0.28888493890916567,1,1
2,2.0,1,2023-01-25 02:00:00,0.3978366255021569,1,1
2,0.5,0,2023-01-25 03:00:00,0.9195310246560497,2,1
0,0.5,1,2023-01-25 04:00:00,0.993255015422964,2,1
0,3.0,0,2023-01-25 05:00:00,0.044911298995615856,0,1
1,3.0,2,2023-01-25 06:00:00,0.761007923495392,0,1
1,1.5,2,2023-01-25 07:00:00,0.37172406640234323,1,1
2,1.0,2,2023-01-25 08:00:00,0.39245818622948003,2,1
4,2.0,0,2023-01-25 09:00:00,0.7542649733470227,1,1
2,1.5,2,2023-01-25 10:00:00,0.9184264321454086,1,1
4,3.0,0,2023-01-25 11:00:00,0.9509285945025484,0,1
4,2.0,1,2023-01-25 12:00:00,0.5771225860383208,1,1
1,3.0,0,2023-01-25 13:00:00,0.3571211593005028,0,1
3,2.0,1,2023-01-25 14:00:00,0.7875490858587793,1,1
3,1.0,0,2023-01-25 15:00:00,0.25100138326230026,2,1
0,1.5,1,2023-01-25 16:00:00,0.5640740288335178,1,1
1,2.0,2,2023-01-25 17:00:00,0.35857846152487316,1,1
4,0.5,1,2023-01-25 18:00:00,0.6566310737078761,2,1
3,0.5,2,2023-01-25 19:00:00,0.2403989128935069,2,1
4,2.0,2,2023-01-25 20:00:00,0.19159294573482577,1,1
3,2.0,1,2023-01-25 21:00:00,0.9182390866754371,1,1
3,2.0,0,2023-01-25 22:00:00,0.1018036829495369,1,1
3,0.5,0,2023-01-25 23:00:00,0.5059579077349317,2,1
1,0.5,0,2023-01-26 00:00:00,0.22085278296300892,2,1
2,2.0,0,2023-01-26 01:00:00,0.03892996332566745,1,1
4,3.0,0,2023-01-26 02:00:00,0.03601881829142639,0,1
1,3.0,2,2023-01-26 03:00:00,0.17522177210582734,0,1
1,1.0,0,2023-01-26 04:00:00,0.8667703545060003,2,1
1,1.5,2,2023-01-26 05:00:00,0.28247874397702666,1,1
1,3.0,2,2023-01-26 06:00:00,0.9504591705752957,0,1
1,0.5,2,2023-01-26 07:00:00,0.5816222929891935,2,1
0,3.0,1,2023-01-26 08:00:00,0.4366141897687661,0,1
4,1.0,1,2023-01-26 09:00:00,0.5800888346694546,2,1
1,1.0,2,2023-01-26 10:00:00,0.5166983852262678,2,1
4,1.5,1,2023-01-26 11:00:00,0.7587762537573252,1,1
0,3.0,0,2023-01-26 12:00:00,0.28249606597285226,0,1
0,0.5,0,2023-01-26 13:00:00,0.3530503916003024,2,1
4,0.5,2,2023-01-26 14:00:00,0.8940943025332507,2,1
3,2.0,0,2023-01-26 15:00:00,0.9464565131504055,1,1
2,0.5,2,2023-01-26 16:00:00,0.8925582274864745,2,1
3,1.5,2,2023-01-26 17:00:00,0.4194479939573136,1,1
3,1.5,0,2023-01-26 18:00:00,0.7803655030068817,1,1
3,0.5,1,2023-01-26 19:00:00,0.4763357333010988,2,1
1,0.5,0,2023-01-26 20:00:00,0.4975398521461022,2,1
0,2.0,0,2023-01-26 21:00:00,0.20468010905728395,1,1
3,0.5,2,2023-01-26 22:00:00,0.5911303032585165,2,1
0,2.0,2,2023-01-26 23:00:00,0.18613589775334793,1,1
4,2.0,2,2023-01-27 00:00:00,0.33156469906719377,1,1
2,0.5,2,2023-01-27 01:00:00,0.8550302016199351,2,1
4,1.0,1,2023-01-27 02:00:00,0.20707580921085522,2,1
4,1.0,1,2023-01-27 03:00:00,0.07115828517343281,2,1
1,2.0,1,2023-01-27 04:00:00,0.0690075926128163,1,1
2,0.5,2,2023-01-27 05:00:00,0.9407845205031079,2,1
4,1.0,2,2023-01-27 06:00:00,0.5069204379618346,2,1
4,0.5,2,2023-01-27 07:00:00,0.40941207181701833,2,1
2,0.5,1,2023-01-27 08:00:00,0.8108785810079184,2,1
2,0.5,2,2023-01-27 09:00:00,0.835825927910516,2,1
4,3.0,0,2023-01-27 10:00:00,0.3321910331156046,0,1
2,0.5,0,2023-01-27 11:00:00,0.6936180574737952,2,1
4,3.0,2,2023-01-27 12:00:00,0.7711228158518866,0,1
4,2.0,0,2023-01-27 13:00:00,0.6546506868659545,1,1
1,1.0,0,2023-01-27 14:00:00,0.15159507480009937,2,1
3,1.0,1,2023-01-27 15:00:00,0.875883083517057,2,1
4,1.0,2,2023-01-27 16:00:00,0.5390945527360087,2,1
0,1.0,2,2023-01-27 17:00:00,0.2824724263700037,2,1
3,1.0,1,2023-01-27 18:00:00,0.4252281854376939,2,1
3,1.0,0,2023-01-27 19:00:00,0.03757109039890738,2,1
3,1.0,0,2023-01-27 20:00:00,0.12786680122241756,2,1
1,2.0,2,2023-01-27 21:00:00,0.7655467505158609,1,1
4,0.5,0,2023-01-27 22:00:00,1.1634755366141114e-05,2,1
1,1.5,1,2023-01-27 23:00:00,0.4165658284822922,1,1
4,3.0,1,2023-01-28 00:00:00,0.5225101810855884,0,0
1,1.5,2,2023-01-28 01:00:00,0.054634420000972295,1,0
1,1.5,1,2023-01-28 02:00:00,0.9730781629723328,1,0
0,0.5,1,2023-01-28 03:00:00,0.22612533124967193,2,0
1,0.5,2,2023-01-28 04:00:00,0.30419871963628087,2,0
2,0.5,1,2023-01-28 05:00:00,0.30394251225502733,2,0
0,1.0,1,2023-01-28 06:00:00,0.2304166621173499,2,0
1,2.0,1,2023-01-28 07:00:00,0.001473822086311416,1,0
3,1.0,0,2023-01-28 08:00:00,0.7293447940879964,2,0
2,2.0,2,2023-01-28 09:00:00,0.9668454997992854,1,0
2,2.0,2,2023-01-28 10:00:00,0.22429348328504506,1,0
2,1.5,2,2023-01-28 11:00:00,0.6630471918034224,1,0
0,1.5,0,2023-01-28 12:00:00,0.7418963269587151,1,0
1,2.0,0,2023-01-28 13:00:00,0.8484253790905247,1,0
1,2.0,2,2023-01-28 14:00:00,0.4226291970136091,1,0
3,1.0,0,2023-01-28 15:00:00,0.30293090564042924,2,0
3,1.0,2,2023-01-28 16:00:00,0.3252951340230311,2,0
2,1.5,0,2023-01-28 17:00:00,0.7126213330985128,1,0
3,0.5,1,2023-01-28 18:00:00,0.816779466505636,2,0
0,2.0,1,2023-01-28 19:00:00,0.18161396775660266,1,0
1,1.0,2,2023-01-28 20:00:00,0.3709410081577652,2,0
2,1.5,0,2023-01-28 21:00:00,0.90194019674915,1,0
3,1.0,0,2023-01-28 22:00:00,0.8066935196947392,2,0
0,2.0,1,2023-01-28 23:00:00,0.9848584027624758,1,0
0,2.0,1,2023-01-29 00:00:00,0.7542482596820808,1,0
3,3.0,0,2023-01-29 01:00:00,0.39319520102792227,0,0
1,0.5,0,2023-01-29 02:00:00,0.5906378339946378,2,0
3,3.0,0,2023-01-29 03:00:00,0.6610142542473203,0,0
2,1.5,0,2023-01-29 04:00:00,0.07845581631712395,1,0
3,1.0,0,2023-01-29 05:00:00,0.5444969591038651,2,0
0,1.5,0,2023-01-29 06:00:00,0.7093208284726096,1,0
3,2.0,2,2023-01-29 07:00:00,0.16732130400106038,1,0
1,3.0,0,2023-01-29 08:00:00,0.7806317174255571,0,0
4,3.0,1,2023-01-29 09:00:00,0.5837727805141116,0,0
3,3.0,2,2023-01-29 10:00:00,0.9522217856975946,0,0
1,1.5,0,2023-01-29 11:00:00,0.042422298206891695,1,0
1,2.0,1,2023-01-29 12:00:00,0.26532613755546697,1,0
0,1.0,2,2023-01-29 13:00:00,0.6015538792998241,2,0
1,1.0,1,2023-01-29 14:00:00,0.2965599122059307,2,0
1,1.5,0,2023-01-29 15:00:00,0.7144241640712422,1,0
1,3.0,0,2023-01-29 16:00:00,0.759005282521931,0,0
1,0.5,0,2023-01-29 17:00:00,0.10251596406647445,2,0
2,1.5,0,2023-01-29 18:00:00,0.5138544642067677,1,0
2,1.5,2,2023-01-29 19:00:00,0.5088905555910559,1,0
0,2.0,2,2023-01-29 20:00:00,0.36928077021554107,1,0
3,1.0,1,2023-01-29 21:00:00,0.9329248625696721,2,0
1,1.5,0,2023-01-29 22:00:00,0.8275063198732212,1,0
3,1.5,1,2023-01-29 23:00:00,0.6972093819096368,1,0
3,3.0,2,2023-01-30 00:00:00,0.7143266357349976,0,1
0,3.0,0,2023-01-30 01:00:00,0.4617161438131191,0,1
1,0.5,0,2023-01-30 02:00:00,0.9209945210965759,2,1
1,2.0,2,2023-01-30 03:00:00,0.6945954272532854,1,1
4,0.5,2,2023-01-30 04:00:00,0.7289810616558164,2,1
3,3.0,2,2023-01-30 05:00:00,0.8616909037873453,0,1
3,1.0,2,2023-01-30 06:00:00,0.274071589342191,2,1
2,3.0,2,2023-01-30 07:00:00,0.807070903866703,0,1
4,2.0,0,2023-01-30 08:00:00,0.19524060295649204,1,1
2,3.0,2,2023-01-30 09:00:00,0.34534195224488784,0,1
2,2.0,0,2023-01-30 10:00:00,0.3356104542698427,1,1
2,2.0,0,2023-01-30 11:00:00,0.9785254683891406,1,1
0,2.0,2,2023-01-30 12:00:00,0.8565372237479268,1,1
0,2.0,2,2023-01-30 13:00:00,0.7011698615902597,1,1
2,2.0,0,2023-01-30 14:00:00,0.7270567616153901,1,1
4,1.0,2,2023-01-30 15:00:00,0.5620727944025711,2,1
3,0.5,2,2023-01-30 16:00:00,0.9470906671085191,2,1
4,1.5,2,2023-01-30 17:00:00,0.49625875288236154,1,1
1,0.5,1,2023-01-30 18:00:00,0.3805177098698945,2,1
0,2.0,0,2023-01-30 19:00:00,0.163035336931591,1,1
3,1.0,1,2023-01-30 20:00:00,0.786205652261058,2,1
3,3.0,2,2023-01-30 21:00:00,0.7344439320755914,0,1
1,1.0,1,2023-01-30 22:00:00,0.3843550385241349,2,1
1,2.0,2,2023-01-30 23:00:00,0.02519341395922936,1,1
2,1.0,1,2023-01-31 00:00:00,0.8389973277180107,2,1
0,1.0,2,2023-01-31 01:00:00,0.011417983454073632,2,1
0,2.0,1,2023-01-31 02:00:00,0.703699779629051,1,1
4,1.0,1,2023-01-31 03:00:00,0.970257109726057,2,1
2,1.5,1,2023-01-31 04:00:00,0.43766132814820347,1,1
2,1.5,0,2023-01-31 05:00:00,0.23497340499595276,1,1
2,1.0,1,2023-01-31 06:00:00,0.7048710100433817,2,1
2,3.0,0,2023-01-31 07:00:00,0.8171281420155851,0,1
0,2.0,2,2023-01-31 08:00:00,0.5464303160778473,1,1
0,1.5,1,2023-01-31 09:00:00,0.9670352752561462,1,1
2,3.0,2,2023-01-31 10:00:00,0.0516687216579611,0,1
4,1.0,2,2023-01-31 11:00:00,0.5047955983045281,2,1
3,3.0,1,2023-01-31 12:00:00,0.7184539473225501,0,1
3,0.5,0,2023-01-31 13:00:00,0.862640471149179,2,1
4,1.5,1,2023-01-31 14:00:00,0.17925561190779005,1,1
2,1.0,2,2023-01-31 15:00:00,0.8000034817636814,2,1
0,2.0,2,2023-01-31 16:00:00,0.5527070757185453,1,1
3,1.0,1,2023-01-31 17:00:00,0.3965536819899632,2,1
1,2.0,0,2023-01-31 18:00:00,0.13171502857909356,1,1
1,1.0,0,2023-01-31 19:00:00,0.8652957589089124,2,1
4,3.0,2,2023-01-31 20:00:00,0.15727320817971535,0,1
2,3.0,2,2023-01-31 21:00:00,0.30978785920909924,0,1
3,3.0,0,2023-01-31 22:00:00,0.2900455319624369,0,1
2,0.5,1,2023-01-31 23:00:00,0.8714140341908543,2,1
3,2.0,2,2023-02-01 00:00:00,0.672702994208898,1,1
4,3.0,0,2023-02-01 01:00:00,0.7966813971913723,0,1
4,0.5,2,2023-02-01 02:00:00,0.250467898792499,2,1
1,2.0,1,2023-02-01 03:00:00,0.6248740996069989,1,1
2,1.0,0,2023-02-01 04:00:00,0.5717459831437487,2,1
1,0.5,2,2023-02-01 05:00:00,0.8328303767882711,2,1
2,1.5,1,2023-02-01 06:00:00,0.9060870604812605,1,1
1,0.5,2,2023-02-01 07:00:00,0.012156771477386807,2,1
0,0.5,1,2023-02-01 08:00:00,0.6740199190587927,2,1
0,2.0,1,2023-02-01 09:00:00,0.05183579911972902,1,1
0,1.0,0,2023-02-01 10:00:00,0.5488586650773559,2,1
0,1.5,1,2023-02-01 11:00:00,0.2876327290436782,1,1
3,3.0,2,2023-02-01 12:00:00,0.3067765995221412,0,1
0,3.0,1,2023-02-01 13:00:00,0.3529585034523566,0,1
4,0.5,1,2023-02-01 14:00:00,0.6212924490496101,2,1
4,2.0,0,2023-02-01 15:00:00,0.3340499656687692,1,1
3,2.0,1,2023-02-01 16:00:00,0.7326990505902804,1,1
0,3.0,1,2023-02-01 17:00:00,0.4045273855738697,0,1
0,1.5,2,2023-02-01 18:00:00,0.06835320030995862,1,1
0,1.0,0,2023-02-01 19:00:00,0.7837598424841072,2,1
1,1.5,0,2023-02-01 20:00:00,0.285758324592706,1,1
2,1.0,0,2023-02-01 21:00:00,0.43276687959926263,2,1
1,3.0,1,2023-02-01 22:00:00,0.6854438832219015,0,1
2,1.0,0,2023-02-01 23:00:00,0.332456157148712,2,1
0,2.0,1,2023-02-02 00:00:00,0.056585656146715624,1,1
0,0.5,1,2023-02-02 01:00:00,0.3739210470128136,2,1
1,0.5,2,2023-02-02 02:00:00,0.9444485826943034,2,1
1,3.0,2,2023-02-02 03:00:00,0.6417343972985582,0,1
2,2.0,2,2023-02-02 04:00:00,0.6714791486672069,1,1
4,1.5,2,2023-02-02 05:00:00,0.6322821536376398,1,1
2,2.0,2,2023-02-02 06:00:00,0.1989921389594368,1,1
1,0.5,1,2023-02-02 07:00:00,0.41833386410228013,2,1
1,0.5,1,2023-02-02 08:00:00,0.7509397983633183,2,1
3,2.0,0,2023-02-02 09:00:00,0.10137289755315915,1,1
1,2.0,1,2023-02-02 10:00:00,0.27785277608971226,1,1
3,0.5,1,2023-02-02 11:00:00,0.2763191084658536,2,1
4,1.5,2,2023-02-02 12:00:00,0.432018927594506,1,1
2,3.0,1,2023-02-02 13:00:00,0.9803687409421851,0,1
2,3.0,2,2023-02-02 14:00:00,0.06750254668382194,0,1
3,2.0,0,2023-02-02 15:00:00,0.518700994380595,1,1
2,3.0,0,2023-02-02 16:00:00,0.17936468201221045,0,1
1,0.5,1,2023-02-02 17:00:00,0.9706765454097441,2,1
0,0.5,0,2023-02-02 18:00:00,0.1133035047274642,2,1
3,2.0,1,2023-02-02 19:00:00,0.40360100236159124,1,1
2,2.0,0,2023-02-02 20:00:00,0.7378849848346062,1,1
3,2.0,2,2023-02-02 21:00:00,0.7045544280274453,1,1
3,1.5,2,2023-02-02 22:00:00,0.42272863689393225,1,1
0,3.0,2,2023-02-02 23:00:00,0.34652416795271823,0,1
1,2.0,2,2023-02-03 00:00:00,0.39761237855287057,1,1
3,1.0,1,2023-02-03 01:00:00,0.2642762631586393,2,1
2,1.0,0,2023-02-03 02:00:00,0.2053329387067998,2,1
4,0.5,1,2023-02-03 03:00:00,0.48303969755889,2,1
3,3.0,2,2023-02-03 04:00:00,0.2685337560676073,0,1
3,2.0,1,2023-02-03 05:00:00,0.2874616648972501,1,1
0,1.0,0,2023-02-03 06:00:00,0.6567560634745571,2,1
1,3.0,1,2023-02-03 07:00:00,0.9685373316998922,0,1
4,0.5,0,2023-02-03 08:00:00,0.6036372005593751,2,1
2,1.5,1,2023-02-03 09:00:00,0.07697946706496628,1,1
4,3.0,0,2023-02-03 10:00:00,0.07558361385406698,0,1
2,3.0,0,2023-02-03 11:00:00,0.951423220845566,0,1
1,1.5,2,2023-02-03 12:00:00,0.29729079030733363,1,1
2,3.0,0,2023-02-03 13:00:00,0.09206698608247543,0,1
0,0.5,2,2023-02-03 14:00:00,0.5990445871503816,2,1
0,0.5,2,2023-02-03 15:00:00,0.6236487782902661,2,1
0,1.5,2,2023-02-03 16:00:00,0.6485048201186882,1,1
0,2.0,1,2023-02-03 17:00:00,0.2674020278575413,1,1
4,1.0,1,2023-02-03 18:00:00,0.015110684214475034,2,1
1,2.0,1,2023-02-03 19:00:00,0.9650153694544719,1,1
2,3.0,1,2023-02-03 20:00:00,0.2508930456911025,0,1
2,1.0,0,2023-02-03 21:00:00,0.6760262880525475,2,1
0,1.5,0,2023-02-03 22:00:00,0.7066298698787096,1,1
0,1.5,1,2023-02-03 23:00:00,0.6100074170794857,1,1
3,1.0,0,2023-02-04 00:00:00,0.3129073942136482,2,0
1,0.5,0,2023-02-04 01:00:00,0.27109625376406576,2,0
4,1.0,2,2023-02-04 02:00:00,0.5976682827027031,2,0
2,3.0,2,2023-02-04 03:00:00,0.8660956336116915,0,0
3,0.5,2,2023-02-04 04:00:00,0.9467337289233956,2,0
3,1.5,2,2023-02-04 05:00:00,0.10590580440375763,1,0
2,1.0,0,2023-02-04 06:00:00,0.15482861259771985,2,0
4,2.0,1,2023-02-04 07:00:00,0.9447362587830797,1,0
3,2.0,0,2023-02-04 08:00:00,0.7365352283347926,1,0
3,3.0,0,2023-02-04 09:00:00,0.8829938248297731,0,0
1,2.0,0,2023-02-04 10:00:00,0.20263263413534316,1,0
4,1.0,2,2023-02-04 11:00:00,0.5875858711094019,2,0
3,1.0,2,2023-02-04 12:00:00,0.7011395944174736,2,0
4,2.0,2,2023-02-04 13:00:00,0.6801118854469727,1,0
2,1.0,1,2023-02-04 14:00:00,0.4081516908666981,2,0
0,3.0,0,2023-02-04 15:00:00,0.015394891691308477,0,0
3,0.5,1,2023-02-04 16:00:00,0.5829260568042631,2,0
1,3.0,2,2023-02-04 17:00:00,0.25310153917960876,0,0
2,3.0,1,2023-02-04 18:00:00,0.45025424614289034,0,0
4,1.0,0,2023-02-04 19:00:00,0.9575810150838173,2,0
2,0.5,0,2023-02-04 20:00:00,0.3990353176424347,2,0
3,1.0,2,2023-02-04 21:00:00,0.8398016066644267,2,0
4,1.5,2,2023-02-04 22:00:00,0.18854060574925113,1,0
0,1.0,1,2023-02-04 23:00:00,0.6724604980250288,2,0
2,1.0,2,2023-02-05 00:00:00,0.9770069544389435,2,0
3,1.0,2,2023-02-05 01:00:00,0.10189310087293679,2,0
1,0.5,0,2023-02-05 02:00:00,0.008319942227192012,2,0
4,1.0,2,2023-02-05 03:00:00,0.43358279263261434,2,0
2,0.5,2,2023-02-05 04:00:00,0.0926254830513672,2,0
2,2.0,0,2023-02-05 05:00:00,0.7483843496762314,1,0
0,1.5,0,2023-02-05 06:00:00,0.9145486638485589,1,0
0,0.5,1,2023-02-05 07:00:00,0.43402097270875883,2,0
1,2.0,2,2023-02-05 08:00:00,0.25871164215544096,1,0
1,0.5,0,2023-02-05 09:00:00,0.4344033190066098,2,0
3,0.5,1,2023-02-05 10:00:00,0.723447817850001,2,0
3,1.5,1,2023-02-05 11:00:00,0.009054161580370979,1,0
1,3.0,2,2023-02-05 12:00:00,0.5894539894846972,0,0
1,3.0,2,2023-02-05 13:00:00,0.6132916848873791,0,0
4,0.5,1,2023-02-05 14:00:00,0.6376882468959355,2,0
0,1.0,0,2023-02-05 15:00:00,0.2420220799808772,2,0
3,2.0,1,2023-02-05 16:00:00,0.7140527233781268,1,0
0,1.0,2,2023-02-05 17:00:00,0.0913914863317764,2,0
0,1.0,0,2023-02-05 18:00:00,0.1992703364668008,2,0
1,0.5,0,2023-02-05 19:00:00,0.8774700466544819,2,0
4,0.5,1,2023-02-05 20:00:00,0.7387231507265664,2,0
2,0.5,2,2023-02-05 21:00:00,0.013745554011345251,2,0
4,0.5,1,2023-02-05 22:00:00,0.2483762603698002,2,0
4,3.0,1,2023-02-05 23:00:00,0.21440648299316456,0,0
0,0.5,1,2023-02-06 00:00:00,0.2708063280369726,2,1
4,3.0,0,2023-02-06 01:00:00,0.2475597702798864,0,1
3,3.0,0,2023-02-06 02:00:00,0.06252629574284574,0,1
0,0.5,2,2023-02-06 03:00:00,0.45894051659682034,2,1
3,1.5,2,2023-02-06 04:00:00,0.7327334747861651,1,1
2,2.0,1,2023-02-06 05:00:00,0.6067317247174364,1,1
0,1.0,1,2023-02-06 06:00:00,0.6728716685980798,2,1
2,3.0,1,2023-02-06 07:00:00,0.08114917853623915,0,1
0,2.0,2,2023-02-06 08:00:00,0.9514907101767872,1,1
1,1.5,0,2023-02-06 09:00:00,0.8384918338430248,1,1
4,1.0,0,2023-02-06 10:00:00,0.8050903184956627,2,1
1,1.0,1,2023-02-06 11:00:00,0.8229838050417675,2,1
2,3.0,1,2023-02-06 12:00:00,0.9327105081327614,0,1
4,0.5,1,2023-02-06 13:00:00,0.5442539661136977,2,1
0,1.5,1,2023-02-06 14:00:00,0.2002820178676259,1,1
4,3.0,2,2023-02-06 15:00:00,0.6167836078525412,0,1
3,1.5,0,2023-02-06 16:00:00,0.742881493667939,1,1
4,0.5,1,2023-02-06 17:00:00,0.7379173933540254,2,1
3,0.5,2,2023-02-06 18:00:00,0.5214490241668801,2,1
4,3.0,1,2023-02-06 19:00:00,0.06845871933357806,0,1
3,0.5,1,2023-02-06 20:00:00,0.3711129384301278,2,1
2,2.0,0,2023-02-06 21:00:00,0.9207666084633573,1,1
1,1.0,1,2023-02-06 22:00:00,0.584448909757426,2,1
0,3.0,0,2023-02-06 23:00:00,0.5383319432557134,0,1
4,1.5,0,2023-02-07 00:00:00,0.2688535143821935,1,1
1,2.0,0,2023-02-07 01:00:00,0.3684489199165789,1,1
0,3.0,2,2023-02-07 02:00:00,0.8953460891531693,0,1
0,0.5,2,2023-02-07 03:00:00,0.6664630475268357,2,1
3,0.5,0,2023-02-07 04:00:00,0.7873870267523329,2,1
2,0.5,1,2023-02-07 05:00:00,0.45434542306765513,2,1
2,0.5,0,2023-02-07 06:00:00,0.6302472194561579,2,1
1,1.5,1,2023-02-07 07:00:00,0.24838360874320753,1,1
2,2.0,0,2023-02-07 08:00:00,0.7054608302834863,1,1
4,1.0,1,2023-02-07 09:00:00,0.4276013337033373,2,1
2,1.5,2,2023-02-07 10:00:00,0.4425455148147456,1,1
1,1.5,1,2023-02-07 11:00:00,0.6493223245768817,1,1
2,1.0,0,2023-02-07 12:00:00,0.9362806214689267,2,1
4,1.0,2,2023-02-07 13:00:00,0.06400634660862092,2,1
3,0.5,1,2023-02-07 14:00:00,0.8247432373470076,2,1
1,1.5,1,2023-02-07 15:00:00,0.2923831104121931,1,1
3,3.0,1,2023-02-07 16:00:00,0.4439194545063778,0,1
3,1.0,1,2023-02-07 17:00:00,0.021913328775008956,2,1
3,1.0,1,2023-02-07 18:00:00,0.30104607783431303,2,1
0,2.0,2,2023-02-07 19:00:00,0.5026312426301305,1,1
0,3.0,2,2023-02-07 20:00:00,0.05617607734743901,0,1
3,3.0,2,2023-02-07 21:00:00,0.49109572938316515,0,1
1,1.0,2,2023-02-07 22:00:00,0.9271106288584273,2,1
4,0.5,0,2023-02-07 23:00:00,0.10539321810780522,2,1
4,2.0,2,2023-02-08 00:00:00,0.7644407280755043,1,1
2,3.0,1,2023-02-08 01:00:00,0.40967105337599263,0,1
1,1.0,1,2023-02-08 02:00:00,0.655173714524338,2,1
0,3.0,2,2023-02-08 03:00:00,0.26023659798522936,0,1
3,2.0,1,2023-02-08 04:00:00,0.1594922625413583,1,1
2,2.0,2,2023-02-08 05:00:00,0.16046261427122643,1,1
4,1.5,1,2023-02-08 06:00:00,0.07049194564314465,1,1
0,1.0,0,2023-02-08 07:00:00,0.18564670490124302,2,1
0,2.0,0,2023-02-08 08:00:00,0.6642193849889683,1,1
3,1.5,2,2023-02-08 09:00:00,0.881690611843508,1,1
4,1.5,2,2023-02-08 10:00:00,0.8141256855911618,1,1
1,3.0,2,2023-02-08 11:00:00,0.6851343098744841,0,1
0,3.0,1,2023-02-08 12:00:00,0.11043186341110267,0,1
3,1.5,2,2023-02-08 13:00:00,0.28918744629594983,1,1
1,3.0,0,2023-02-08 14:00:00,0.309806875322469,0,1
4,2.0,1,2023-02-08 15:00:00,0.24995694639762123,1,1
0,0.5,2,2023-02-08 16:00:00,0.5150056597097231,2,1
1,2.0,1,2023-02-08 17:00:00,0.5355538148796726,1,1
1,1.5,1,2023-02-08 18:00:00,0.3568859751711102,1,1
1,1.5,2,2023-02-08 19:00:00,0.353789158736436,1,1
0,2.0,1,2023-02-08 20:00:00,0.8285555979060814,1,1
0,3.0,0,2023-02-08 21:00:00,0.7892928483196856,0,1
2,3.0,0,2023-02-08 22:00:00,0.30779583168074565,0,1
4,1.5,1,2023-02-08 23:00:00,0.9137884438732593,1,1
3,1.0,2,2023-02-09 00:00:00,0.952815017002506,2,1
1,3.0,1,2023-02-09 01:00:00,0.32674254203004083,0,1
2,2.0,0,2023-02-09 02:00:00,0.35442494879305486,1,1
3,3.0,1,2023-02-09 03:00:00,0.5056341534219588,0,1
2,2.0,1,2023-02-09 04:00:00,0.9411208125336735,1,1
0,1.5,0,2023-02-09 05:00:00,0.8763194331423115,1,1
1,3.0,1,2023-02-09 06:00:00,0.1025679625835898,0,1
3,2.0,1,2023-02-09 07:00:00,0.3927307432714162,1,1
3,1.5,2,2023-02-09 08:00:00,0.5533711897497718,1,1
3,1.0,2,2023-02-09 09:00:00,0.50313247255154,2,1
3,2.0,0,2023-02-09 10:00:00,0.19386306793689267,1,1
3,1.0,0,2023-02-09 11:00:00,0.8588167711681547,2,1
2,1.0,0,2023-02-09 12:00:00,0.6769407829968374,2,1
1,0.5,2,2023-02-09 13:00:00,0.8379083748518036,2,1
0,3.0,0,2023-02-09 14:00:00,0.8587642793494722,0,1
0,2.0,0,2023-02-09 15:00:00,0.7483558536657398,1,1
0,1.0,0,2023-02-09 16:00:00,0.43921060124971734,2,1
0,0.5,2,2023-02-09 17:00:00,0.6105467550154245,2,1
2,1.5,1,2023-02-09 18:00:00,0.16036540611974315,1,1
4,2.0,0,2023-02-09 19:00:00,0.6736454174749077,1,1
1,1.0,1,2023-02-09 20:00:00,0.17925325573928075,2,1
3,3.0,0,2023-02-09 21:00:00,0.6939495905101568,0,1
4,0.5,1,2023-02-09 22:00:00,0.22959816075396866,2,1
0,1.0,2,2023-02-09 23:00:00,0.11755130015021997,2,1
4,3.0,2,2023-02-10 00:00:00,0.16528449014295743,0,1
1,1.0,0,2023-02-10 01:00:00,0.001992135219070268,2,1
3,2.0,1,2023-02-10 02:00:00,0.7187396178535302,1,1
3,2.0,2,2023-02-10 03:00:00,0.7324010490583791,1,1
1,2.0,0,2023-02-10 04:00:00,0.5149333499132595,1,1
1,0.5,0,2023-02-10 05:00:00,0.1613628010553837,2,1
0,2.0,2,2023-02-10 06:00:00,0.08355433751068975,1,1
3,3.0,2,2023-02-10 07:00:00,0.01912896643728701,0,1
4,1.0,0,2023-02-10 08:00:00,0.1657481769652207,2,1
2,1.5,1,2023-02-10 09:00:00,0.8908555349831467,1,1
2,3.0,1,2023-02-10 10:00:00,0.24153684170168177,0,1
1,3.0,1,2023-02-10 11:00:00,0.35427132721721566,0,1
0,2.0,0,2023-02-10 12:00:00,0.10534548448133318,1,1
2,0.5,2,2023-02-10 13:00:00,0.22236130474817029,2,1
3,1.0,0,2023-02-10 14:00:00,0.5192245707802051,2,1
1,0.5,2,2023-02-10 15:00:00,0.6077526830956526,2,1
4,1.0,1,2023-02-10 16:00:00,0.24535231416621106,2,1
1,1.0,1,2023-02-10 17:00:00,0.05773215922511721,2,1
4,0.5,2,2023-02-10 18:00:00,0.39103286912739865,2,1
1,3.0,2,2023-02-10 19:00:00,0.23420337092633414,0,1
1,1.0,0,2023-02-10 20:00:00,0.21955392322980194,2,1
1,0.5,1,2023-02-10 21:00:00,0.9598628027134553,2,1
4,1.0,0,2023-02-10 22:00:00,0.6163004859257241,2,1
4,1.5,0,2023-02-10 23:00:00,0.5568784431720959,1,1
1,3.0,0,2023-02-11 00:00:00,0.4157751035233219,0,0
2,2.0,1,2023-02-11 01:00:00,0.42894433343014426,1,0
0,1.0,0,2023-02-11 02:00:00,0.5409050038380808,2,0
0,1.5,0,2023-02-11 03:00:00,0.6964298070361072,1,0
0,2.0,0,2023-02-11 04:00:00,0.7021460961818294,1,0
4,2.0,0,2023-02-11 05:00:00,0.17169390770544957,1,0
4,1.0,0,2023-02-11 06:00:00,0.500112752076627,2,0
2,0.5,0,2023-02-11 07:00:00,0.41195809503410197,2,0
0,1.0,1,2023-02-11 08:00:00,0.8705269662693842,2,0
0,1.5,0,2023-02-11 09:00:00,0.6314189212183764,1,0
1,2.0,2,2023-02-11 10:00:00,0.5325040664159818,1,0
4,1.0,0,2023-02-11 11:00:00,0.11539464217891737,2,0
0,0.5,0,2023-02-11 12:00:00,0.6056378893234114,2,0
2,1.0,1,2023-02-11 13:00:00,0.11720390568023342,2,0
2,3.0,1,2023-02-11 14:00:00,0.33720657556575206,0,0
0,0.5,2,2023-02-11 15:00:00,0.14284196481433187,2,0
4,1.5,2,2023-02-11 16:00:00,0.6920736470243689,1,0
2,2.0,1,2023-02-11 17:00:00,0.2062521138361526,1,0
1,1.0,1,2023-02-11 18:00:00,0.391859373188026,2,0
2,0.5,0,2023-02-11 19:00:00,0.8956747776187787,2,0
3,3.0,1,2023-02-11 20:00:00,0.2043163833989703,0,0
3,0.5,2,2023-02-11 21:00:00,0.5078050639587791,2,0
4,3.0,0,2023-02-11 22:00:00,0.419271661166022,0,0
0,1.5,2,2023-02-11 23:00:00,0.018124041045729733,1,0
